<?xml version="1.0" encoding="UTF-8"?><examples><example><id>usbwebcams_product-webcam_gettingstarted</id><title>Acquiring a Single Image in a Loop</title><type>fe</type><docpageurl>examples/acquiring-a-single-image-in-a-loop.html</docpageurl><categorylist><category><categoryid>tutorials-1</categoryid><categorylabel>Tutorials</categorylabel></category></categorylist><product>usbwebcams</product><producthelplocation>supportpkg/usbwebcams</producthelplocation><language>en</language></example><example><id>usbwebcams_product-webcam_recordingvideo</id><title>Logging Video to Disk</title><type>fe</type><docpageurl>examples/logging-video-to-disk.html</docpageurl><categorylist><category><categoryid>tutorials-1</categoryid><categorylabel>Tutorials</categorylabel></category></categorylist><product>usbwebcams</product><producthelplocation>supportpkg/usbwebcams</producthelplocation><language>en</language></example></examples>